,date,open,close,high,low,volume,money
0,2005-01-07,3.43,3.48,3.55,3.35,3863179.0,13249640.0
1,2005-01-14,3.5,3.48,3.59,3.46,8008402.0,28223156.0
2,2005-01-21,3.44,3.48,3.48,3.28,7125505.0,24300787.0
3,2005-01-28,3.58,3.36,3.59,3.35,5467414.0,19022721.0
4,2005-02-04,3.35,3.51,3.53,3.18,12641948.0,42956709.0
5,2005-02-18,3.62,3.44,3.68,3.44,10170444.0,35953259.0
6,2005-02-25,3.45,3.54,3.66,3.43,14374097.0,51156297.0
7,2005-03-04,3.52,3.39,3.56,3.38,7953943.0,27490813.0
8,2005-03-11,3.38,3.3,3.48,3.26,7603807.0,25634370.0
9,2005-03-18,3.3,2.86,3.3,2.81,11890164.0,36518931.0
10,2005-03-25,2.82,2.76,2.9,2.65,10768963.0,29801294.0
11,2005-04-01,2.76,2.89,2.98,2.63,15886989.0,44590048.0
12,2005-04-08,2.88,3.1,3.1,2.76,25286143.0,74484834.0
13,2005-04-15,3.09,2.78,3.15,2.77,17314800.0,51738638.0
14,2005-04-22,2.78,2.53,2.83,2.49,10868070.0,28891698.0
15,2005-04-29,2.52,2.66,2.74,2.41,10616614.0,27293004.0
16,2005-05-13,2.65,2.52,2.68,2.44,9876958.0,25171711.0
17,2005-05-20,2.5,2.56,2.7,2.43,10723270.0,27794176.0
18,2005-05-27,2.54,2.52,2.65,2.48,6101967.0,15595189.0
19,2005-06-03,2.51,2.45,2.59,2.44,4600021.0,11531775.0
20,2005-06-10,2.45,2.65,2.8,2.45,20696514.0,54905820.0
21,2005-06-17,2.63,2.5,2.71,2.45,9728577.0,24859251.0
22,2005-06-24,2.52,2.55,2.63,2.45,11967809.0,30755892.0
23,2005-07-01,2.57,2.28,2.63,2.28,8717712.0,21375898.0
24,2005-07-08,2.25,2.02,2.25,1.95,16424768.0,33784763.0
25,2005-07-15,2.0,2.03,2.11,1.98,10517031.0,21479934.0
26,2005-07-22,2.04,2.01,2.09,1.72,33130834.0,63935628.0
27,2005-07-29,2.0,2.08,2.19,1.98,32172026.0,67295601.0
28,2005-08-05,2.08,2.34,2.4,2.06,45061285.0,102370301.0
29,2005-08-12,2.34,2.37,2.58,2.26,53847855.0,130048867.0
30,2005-08-19,2.37,2.37,2.65,2.26,47557827.0,115669165.0
31,2005-08-26,2.37,2.47,2.53,2.31,26678338.0,64976796.0
32,2005-09-02,2.47,2.6,2.68,2.33,62867422.0,161063801.0
33,2005-09-09,2.6,2.8,2.97,2.58,79253400.0,221397369.0
34,2005-09-16,2.82,2.82,2.92,2.76,37915075.0,107313096.0
35,2005-09-23,2.83,2.47,2.84,2.4,31170424.0,83087204.0
36,2005-09-30,2.45,2.41,2.52,2.34,15939845.0,38716327.0
37,2005-10-14,2.45,2.39,2.51,2.29,14766732.0,35877624.0
38,2005-10-21,2.37,2.42,2.48,2.35,11998391.0,28974087.0
39,2005-10-28,2.41,2.14,2.43,2.1,14592412.0,33180707.0
40,2005-11-04,2.14,2.2,2.25,2.13,9287561.0,20276174.0
41,2005-11-11,2.2,2.26,2.45,2.17,21106749.0,48705728.0
42,2005-11-18,2.26,2.4,2.4,2.2,13649010.0,31588553.0
43,2005-11-25,2.64,2.38,2.64,2.36,44569092.0,112422623.0
44,2005-12-02,2.38,2.3,2.43,2.29,12686044.0,29811583.0
45,2005-12-09,2.27,2.31,2.34,2.16,11853866.0,26934235.0
46,2006-01-25,2.54,2.54,2.54,2.45,19031129.0,48052604.0
47,2006-02-10,2.52,2.61,2.64,2.48,38528339.0,98368345.0
48,2006-02-17,2.64,2.69,2.75,2.54,48691106.0,129719858.0
49,2006-02-24,2.68,2.97,3.0,2.67,76642380.0,217570762.0
50,2006-03-03,2.97,2.77,2.97,2.7,38727048.0,110132919.0
51,2006-03-10,2.77,2.62,2.78,2.56,16929169.0,44716982.0
52,2006-03-17,2.63,2.72,2.77,2.62,16599123.0,44929191.0
53,2006-03-24,2.76,2.86,2.99,2.71,52963872.0,153179472.0
54,2006-03-31,2.86,2.94,3.18,2.85,71641682.0,216527173.0
55,2006-04-07,2.94,2.99,3.07,2.91,44003238.0,131259987.0
56,2006-04-14,2.99,3.22,3.31,2.95,75580262.0,236737170.0
57,2006-04-21,3.22,3.24,3.47,3.1,64173570.0,211936797.0
58,2006-04-28,3.24,3.09,3.24,2.9,48130159.0,148208512.0
59,2006-05-12,3.12,3.08,3.39,2.98,49329786.0,156122076.0
60,2006-05-19,3.08,3.3,3.32,2.99,82853659.0,257398054.0
61,2006-05-26,3.31,3.55,3.68,3.24,109934268.0,385364912.0
62,2006-06-02,3.51,3.62,3.79,3.28,83701842.0,290644426.0
63,2006-06-09,3.6,3.8,4.19,3.56,120195223.0,470090100.0
64,2006-06-16,3.78,3.68,3.88,3.52,44069052.0,161133067.0
65,2006-06-23,3.68,3.66,3.87,3.55,41453109.0,153586985.0
66,2006-06-29,3.63,3.63,3.69,3.5,34573373.0,124178933.0
67,2006-07-07,3.67,3.78,3.83,3.57,47710908.0,177730117.0
68,2006-07-14,3.78,3.7,4.0,3.6,51149673.0,196169953.0
69,2006-07-21,3.7,3.9,4.04,3.64,48865376.0,190037330.0
70,2006-07-28,3.86,3.79,3.98,3.67,38327887.0,146153497.0
71,2006-08-04,3.8,3.55,3.82,3.5,20409852.0,73979232.0
72,2006-08-11,3.52,3.58,3.6,3.32,17240836.0,59350857.0
73,2006-08-18,3.58,3.63,3.72,3.44,17488023.0,63331227.0
74,2006-08-25,3.49,3.54,3.65,3.4,16675700.0,59184107.0
75,2006-09-01,3.51,3.81,3.97,3.51,68890374.0,260643358.0
76,2006-09-08,3.82,3.7,3.91,3.66,26382260.0,99860279.0
77,2006-09-15,3.72,3.85,3.93,3.7,39959660.0,152440265.0
78,2006-09-22,3.84,4.23,4.36,3.83,105967746.0,432155679.0
79,2006-09-29,4.26,4.36,4.42,4.15,76406399.0,329114980.0
80,2006-10-13,4.45,4.23,4.57,4.08,54606661.0,233264105.0
81,2006-10-20,4.23,4.26,4.39,4.15,27869534.0,119518489.0
82,2006-10-27,4.25,3.83,4.28,3.82,58600192.0,234349555.0
83,2006-11-03,3.83,3.94,3.99,3.65,39313502.0,150768810.0
84,2006-11-10,3.93,3.79,3.95,3.71,29422717.0,112935392.0
85,2006-11-17,3.79,3.82,3.89,3.67,38657164.0,145392268.0
86,2006-11-24,3.82,4.1,4.25,3.75,96025228.0,384237349.0
87,2006-12-01,4.1,4.37,4.55,4.08,142531318.0,618147300.0
88,2006-12-08,4.31,4.12,4.55,4.1,83243908.0,359833161.0
89,2006-12-15,4.14,4.26,4.3,4.1,47132141.0,198772748.0
90,2006-12-22,4.28,4.45,4.65,4.18,118378757.0,526276254.0
91,2006-12-29,4.36,4.23,4.55,4.12,76876329.0,330612014.0
92,2007-01-05,4.23,4.21,4.31,4.13,14460159.0,60632361.0
93,2007-01-12,4.21,4.52,4.82,4.16,151520475.0,691260814.0
94,2007-01-19,4.45,4.42,4.78,4.25,123611483.0,555806489.0
95,2007-01-26,4.42,4.94,5.02,4.42,158514259.0,756886513.0
96,2007-02-02,5.0,4.65,5.36,4.61,127800011.0,639734946.0
97,2007-02-09,4.63,4.88,4.97,4.6,54158520.0,262047446.0
98,2007-02-16,4.85,5.37,5.44,4.85,88703967.0,461579462.0
99,2007-03-02,5.4,5.38,5.78,5.1,124530377.0,671026401.0
100,2007-03-09,5.42,5.97,6.2,5.22,129563190.0,748158029.0
101,2007-03-16,5.95,7.01,7.12,5.88,160690145.0,1070575705.0
102,2007-03-23,6.75,8.0,8.48,6.66,132946848.0,1017029101.0
103,2007-03-30,7.9,7.5,7.9,7.2,166610517.0,1264044143.0
104,2007-04-06,7.5,7.99,8.12,7.42,108101717.0,835141295.0
105,2007-04-13,8.0,8.65,8.67,7.66,157988052.0,1294189324.0
106,2007-04-20,8.7,9.27,9.89,8.7,191327724.0,1773464191.0
107,2007-04-27,9.39,10.0,10.26,8.9,173572936.0,1672394427.0
108,2007-04-30,9.92,10.5,10.5,9.88,35520841.0,369347966.0
109,2007-05-11,10.91,12.75,12.77,10.91,115275159.0,1392604581.0
110,2007-05-18,12.26,12.17,12.67,10.93,193962096.0,2320739970.0
111,2007-05-25,11.61,14.43,15.0,11.6,171396838.0,2343096979.0
112,2007-06-01,14.52,12.52,14.79,12.52,161072264.0,2224769115.0
113,2007-06-08,11.89,11.96,12.33,10.74,119806994.0,1372599992.0
114,2007-06-15,12.53,12.63,13.6,12.5,132740720.0,1733993499.0
115,2007-06-22,12.98,12.86,13.8,12.61,123130614.0,1626587620.0
116,2007-06-28,12.87,11.6,13.16,11.6,82522503.0,993380807.0
117,2007-07-06,11.02,10.08,11.3,9.43,78641258.0,812804098.0
118,2007-07-13,10.18,10.52,10.89,9.7,82547263.0,852909225.0
119,2007-07-20,10.36,10.94,10.94,9.71,53582466.0,559600434.0
120,2007-07-27,11.35,12.62,12.85,11.35,76855352.0,925408112.0
121,2007-08-03,12.45,12.67,13.16,11.96,88280574.0,1111410690.0
122,2007-08-10,12.79,12.29,13.68,12.26,100923319.0,1307569581.0
123,2007-08-17,12.39,12.19,12.59,11.73,54967739.0,673060092.0
124,2007-08-24,12.5,12.95,13.6,12.35,87418682.0,1136797534.0
125,2007-08-31,12.95,13.23,13.6,12.19,85579391.0,1106401945.0
126,2007-09-07,13.35,13.68,14.94,13.0,131639349.0,1838290981.0
127,2007-09-14,13.47,13.29,13.97,12.45,69991054.0,926159807.0
128,2007-09-21,13.25,13.97,14.5,13.0,90287729.0,1239252826.0
129,2007-09-28,14.08,14.53,14.75,13.5,97057045.0,1375414688.0
130,2007-10-12,14.63,14.85,16.0,14.01,119961091.0,1814080072.0
131,2007-10-19,14.88,14.9,15.49,14.28,78479751.0,1165350882.0
132,2007-10-26,14.67,13.5,15.08,13.27,81478029.0,1162200871.0
133,2007-11-02,14.11,15.51,15.51,13.68,81899913.0,1217637557.0
134,2007-11-09,15.5,14.05,15.87,14.02,74703218.0,1128836214.0
135,2007-11-16,13.75,13.41,13.98,13.0,42566332.0,574558241.0
136,2007-11-23,13.45,12.95,14.25,12.68,28129715.0,379665734.0
137,2007-11-30,13.3,11.5,13.33,11.1,38184407.0,454134589.0
138,2007-12-07,11.27,12.84,12.84,11.27,28593174.0,352300467.0
139,2007-12-14,12.5,13.76,14.12,12.38,52853780.0,713262617.0
140,2007-12-21,13.8,15.19,15.89,13.07,64072329.0,944548794.0
141,2007-12-27,15.29,15.9,16.0,14.8,44457413.0,688051472.0
142,2008-01-04,15.82,15.74,16.14,15.54,25554348.0,403713422.0
143,2008-01-11,15.7,15.88,15.97,14.8,58747797.0,905260943.0
144,2008-01-18,16.05,16.49,17.36,15.43,59525682.0,978399045.0
145,2008-01-25,16.59,15.07,16.98,14.15,50591065.0,769113203.0
146,2008-02-01,14.86,13.06,14.9,12.97,30937766.0,429852522.0
147,2008-02-05,13.46,14.08,14.24,13.36,8800501.0,121873004.0
148,2008-02-15,13.93,14.0,14.45,13.71,10876065.0,153302995.0
149,2008-02-22,14.04,14.29,14.64,13.88,27244708.0,388794037.0
150,2008-02-29,14.3,14.58,14.7,13.58,51248620.0,735354368.0
151,2008-03-07,14.6,15.07,15.68,14.55,52266335.0,792701934.0
152,2008-03-10,15.07,14.33,15.09,14.32,18756291.0,273615513.0
153,2008-05-16,9.85,9.52,10.7,9.4,79756875.0,802290317.0
154,2008-05-23,9.02,7.79,9.29,7.66,116800245.0,979293227.0
155,2008-05-30,7.7,7.34,7.88,7.21,63142132.0,472983135.0
156,2008-06-06,7.33,7.41,7.54,7.12,48307261.0,352978407.0
157,2008-06-13,7.17,5.58,7.17,5.57,53668558.0,333298022.0
158,2008-06-20,5.59,4.4,5.73,4.25,73842522.0,365221491.0
159,2008-06-26,4.4,5.31,5.46,4.18,105969445.0,512724420.0
160,2008-07-04,4.8,4.79,5.04,4.36,71263291.0,338489951.0
161,2008-07-11,4.78,5.36,5.89,4.73,134580734.0,724281160.0
162,2008-07-18,5.29,4.88,5.61,4.56,75357433.0,380236738.0
163,2008-07-25,4.88,5.31,5.63,4.8,90127228.0,476621364.0
164,2008-08-01,5.34,5.06,5.5,4.77,46845055.0,241556546.0
165,2008-08-08,5.01,4.39,5.01,4.36,30032503.0,142130486.0
166,2008-08-15,4.38,3.82,4.4,3.57,33610512.0,131224410.0
167,2008-08-22,3.83,3.58,3.87,3.28,38039786.0,138426423.0
168,2008-08-29,3.58,3.7,3.75,3.34,33493468.0,118925449.0
169,2008-09-05,3.6,3.46,3.76,3.4,36985029.0,133626514.0
170,2008-09-12,3.42,3.29,3.52,3.26,20075378.0,67273257.0
171,2008-09-19,3.33,3.23,3.35,2.75,33096890.0,102933261.0
172,2008-09-26,3.48,3.24,3.55,2.93,72473895.0,232506237.0
173,2008-10-10,3.15,3.03,3.18,2.9,49814260.0,151642484.0
174,2008-10-17,3.09,3.98,4.08,3.04,366997120.0,1365574185.0
175,2008-10-24,3.97,3.67,4.3,3.6,296623546.0,1168795277.0
176,2008-10-31,3.55,3.74,4.07,3.41,248908052.0,944411160.0
177,2008-11-07,3.65,3.38,3.83,3.2,142706568.0,493139432.0
178,2008-11-14,3.43,4.35,4.5,3.42,288632604.0,1174738144.0
179,2008-11-21,4.37,4.92,5.1,3.93,331093324.0,1472616336.0
180,2008-11-28,4.8,4.26,4.9,4.17,239705424.0,1099261216.0
181,2008-12-05,4.24,4.8,4.88,4.13,177103850.0,811336152.0
182,2008-12-12,4.89,4.83,5.18,4.62,205623428.0,1008911880.0
183,2008-12-19,4.99,4.96,5.09,4.5,162524156.0,783873488.0
184,2008-12-26,4.96,4.18,5.05,4.13,108132078.0,489652884.0
185,2008-12-31,4.23,3.98,4.29,3.97,37546530.0,154684348.0
186,2009-01-09,4.07,4.27,4.37,4.0,74469477.0,312896064.0
187,2009-01-16,4.24,5.3,5.49,4.17,350458044.0,1739574320.0
188,2009-01-23,5.35,5.84,6.16,5.22,243230952.0,1374403616.0
189,2009-02-06,5.89,6.6,6.76,5.7,170719514.0,1073739840.0
190,2009-02-13,6.7,7.74,7.96,6.55,203291808.0,1470827808.0
191,2009-02-20,7.82,8.59,8.66,7.11,225645316.0,1763351088.0
192,2009-02-27,8.72,7.92,9.64,7.44,349740908.0,3002760064.0
193,2009-03-06,7.79,8.5,9.2,7.75,251904496.0,2163544512.0
194,2009-03-13,8.5,8.3,8.74,7.61,169547630.0,1382937728.0
195,2009-03-20,8.08,8.98,9.16,7.9,177401608.0,1540520816.0
196,2009-03-27,9.0,9.09,9.58,8.55,187658032.0,1715176448.0
197,2009-04-03,9.05,9.4,10.12,8.6,211014956.0,2027612848.0
198,2009-04-10,9.4,10.3,10.48,9.4,130874972.0,1284806432.0
199,2009-04-17,10.38,9.88,10.77,9.8,147016436.0,1521993520.0
200,2009-04-24,9.86,9.27,10.18,8.92,101611776.0,978673280.0
201,2009-04-30,9.2,9.77,9.96,8.63,79513218.0,741416408.0
202,2009-05-08,9.77,10.83,11.09,9.7,172605788.0,1818055248.0
203,2009-05-15,10.9,10.1,10.95,9.9,139623440.0,1430851904.0
204,2009-05-22,10.06,9.91,10.6,9.66,119592612.0,1211229760.0
205,2009-05-27,9.49,10.09,10.55,9.22,137305268.0,1372237584.0
206,2009-06-05,10.17,11.36,11.66,10.07,273126414.0,2985027264.0
207,2009-06-12,11.36,11.24,11.68,10.85,155890190.0,1763760848.0
208,2009-06-19,11.18,11.78,12.1,10.9,124905689.0,1439586768.0
209,2009-06-26,11.85,11.77,11.97,11.25,90151660.0,1040937648.0
210,2009-07-03,11.7,14.39,14.39,11.7,204596372.0,2646279904.0
211,2009-07-10,14.78,14.18,14.98,13.58,146998888.0,2077342208.0
212,2009-07-17,14.0,14.14,14.8,13.76,121552692.0,1730940352.0
213,2009-07-24,14.08,13.93,14.75,13.7,130726630.0,1839785568.0
214,2009-07-31,13.94,12.83,14.19,12.01,146942425.0,1939839280.0
215,2009-08-07,12.88,12.03,13.15,12.0,125728894.0,1592652128.0
216,2009-08-14,12.12,11.4,12.2,11.31,102107456.0,1194538016.0
217,2009-08-17,11.22,10.5,11.22,10.26,28846236.0,304559424.0
218,2009-08-28,10.8,10.74,11.55,10.55,92745552.0,1032843952.0
219,2009-09-04,10.51,10.59,10.99,9.14,116478696.0,1166664224.0
220,2009-09-11,10.67,11.4,11.65,10.3,99698796.0,1101252432.0
221,2009-09-18,11.42,11.58,12.3,11.18,138845822.0,1631136384.0
222,2009-09-25,11.4,10.2,11.78,9.8,110110497.0,1176587376.0
223,2009-09-30,10.21,10.27,10.45,9.84,33469516.0,338947280.0
224,2009-10-09,10.45,10.89,10.93,10.33,14223898.0,152680208.0
225,2009-10-16,10.9,11.29,11.63,10.72,80325412.0,904585144.0
226,2009-10-23,11.35,12.4,12.99,11.32,130119984.0,1582660896.0
227,2009-10-30,12.43,12.51,13.0,11.85,137365828.0,1710971392.0
228,2009-11-06,12.09,13.88,14.02,11.91,194525744.0,2563373056.0
229,2009-11-13,14.05,13.18,14.05,12.9,100807382.0,1358891872.0
230,2009-11-20,13.29,13.7,13.95,13.14,149106752.0,2009578112.0
231,2009-11-27,13.7,12.2,13.95,12.07,174699068.0,2315406464.0
232,2009-12-04,12.47,12.61,13.2,12.2,105314043.0,1335871296.0
233,2009-12-11,12.63,12.38,13.1,12.24,91211036.0,1148297928.0
234,2009-12-18,12.32,10.87,12.37,10.82,132470096.0,1530183296.0
235,2009-12-25,10.75,11.05,11.19,10.3,89240363.0,956339736.0
236,2009-12-31,11.02,10.98,11.17,10.8,92632412.0,1014704128.0
237,2010-01-08,11.0,11.27,11.32,10.28,174897664.0,1885128616.0
238,2010-01-15,11.36,11.44,11.55,10.5,185491539.0,2060969463.0
239,2010-01-22,11.43,11.28,12.33,11.03,193091846.0,2279872784.0
240,2010-01-29,11.26,10.43,11.26,9.97,86600704.0,909757960.0
241,2010-02-05,10.38,11.18,12.1,9.98,277911026.0,3152860608.0
242,2010-02-12,11.08,10.86,11.2,10.4,119209286.0,1280222512.0
243,2010-02-26,10.7,11.31,11.56,10.48,131230749.0,1447227744.0
244,2010-03-05,11.24,11.46,12.43,11.07,205156574.0,2409361600.0
245,2010-03-12,11.66,11.17,12.14,11.05,97938098.0,1136327488.0
246,2010-03-19,11.17,11.52,11.54,10.8,81408882.0,912005624.0
247,2010-03-26,11.62,11.31,11.62,11.03,63142292.0,711762488.0
248,2010-04-02,11.36,12.26,12.43,11.23,179357880.0,2138530096.0
249,2010-04-09,12.3,12.18,12.58,11.7,107069810.0,1297705504.0
250,2010-04-16,12.18,11.72,12.26,11.4,98828513.0,1174433136.0
251,2010-04-23,11.42,11.68,12.09,10.57,135238198.0,1542369248.0
252,2010-04-30,11.72,11.2,12.37,10.88,154891233.0,1825563504.0
253,2010-05-07,10.95,10.42,11.4,10.3,85534316.0,932783888.0
254,2010-05-14,10.42,9.7,10.61,8.9,103567000.0,1001686576.0
255,2010-05-21,9.45,9.04,9.58,8.35,100155644.0,899350432.0
256,2010-05-28,9.16,10.16,10.46,9.16,144209808.0,1420016984.0
257,2010-06-04,10.24,9.68,10.37,9.19,83925184.0,817777144.0
258,2010-06-11,9.45,9.9,10.05,9.21,71058615.0,693623400.0
259,2010-06-18,9.96,9.65,10.1,9.6,20950792.0,207194656.0
260,2010-06-25,9.55,9.64,10.2,9.5,58111606.0,575857616.0
261,2010-07-02,9.64,7.8,9.75,7.38,53784752.0,455564080.0
262,2010-07-09,7.65,8.88,9.11,7.46,77873068.0,644288352.0
263,2010-07-16,9.0,8.93,9.39,8.72,74796907.0,675988848.0
264,2010-07-23,8.85,9.69,9.88,8.82,85778817.0,817168632.0
265,2010-07-30,9.81,9.96,10.25,9.57,91119764.0,903959272.0
266,2010-08-06,9.96,10.13,10.24,9.77,75075100.0,754555336.0
267,2010-08-13,10.11,10.19,10.2,9.43,90847429.0,895929584.0
268,2010-08-20,10.21,10.82,11.14,10.16,126316806.0,1347522112.0
269,2010-08-27,10.94,10.61,11.35,10.41,105263162.0,1150882320.0
270,2010-09-03,10.68,11.96,11.96,10.6,163420424.0,1871008864.0
271,2010-09-10,12.25,12.48,13.12,11.54,270514664.0,3335111104.0
272,2010-09-17,12.8,11.7,13.2,11.35,141768292.0,1759403200.0
273,2010-09-21,11.76,11.44,11.78,11.26,21117112.0,242202776.0
274,2010-09-30,11.53,11.95,12.29,11.38,52237400.0,617499584.0
275,2010-10-08,11.99,12.13,12.35,11.79,23678404.0,286918464.0
276,2010-10-15,12.12,11.28,12.48,10.95,183603900.0,2153077728.0
277,2010-10-22,11.21,12.58,12.99,10.75,187046500.0,2207232928.0
278,2010-10-29,12.65,13.27,13.72,12.38,202313322.0,2641512640.0
279,2010-11-05,13.3,16.65,17.11,13.3,313813396.0,4835801344.0
280,2010-11-12,16.88,15.3,17.92,14.98,211792474.0,3552133408.0
281,2010-11-19,15.4,17.15,17.38,14.8,212237632.0,3430866784.0
282,2010-11-26,16.93,18.33,19.16,16.2,218832286.0,3916802048.0
283,2010-12-03,18.18,17.0,18.86,16.5,165044430.0,2855603808.0
284,2010-12-10,16.93,16.26,17.09,15.66,117614158.0,1921094336.0
285,2010-12-17,16.37,17.09,17.69,16.34,125310496.0,2135126160.0
286,2010-12-24,17.1,16.9,18.6,16.0,170589264.0,3034199776.0
287,2010-12-31,16.9,16.77,17.3,15.35,119229656.0,1929815328.0
288,2011-01-07,16.78,15.93,17.21,15.78,86447916.0,1421023200.0
289,2011-01-14,15.95,14.66,16.0,14.61,75636605.0,1150174256.0
290,2011-01-21,14.58,16.19,16.66,13.3,203241419.0,3121272752.0
291,2011-01-28,16.3,17.2,17.5,14.65,235414320.0,3822694560.0
292,2011-02-01,17.05,17.97,18.48,16.9,97751988.0,1740247040.0
293,2011-02-11,17.87,19.8,19.8,17.69,215951988.0,4081916096.0
294,2011-02-18,20.0,21.79,24.65,19.9,439001264.0,9632387328.0
295,2011-02-25,22.3,23.93,25.45,21.91,566567856.0,13389740288.0
296,2011-03-04,23.5,20.92,23.57,20.52,449193452.0,9732348544.0
297,2011-03-08,20.98,21.46,22.07,20.96,133667224.0,2889076864.0
298,2011-03-18,20.55,19.71,22.17,19.32,219078982.0,4517822656.0
299,2011-03-25,19.58,20.38,21.89,19.0,247297276.0,5056101376.0
300,2011-04-01,21.01,18.35,21.25,18.01,182112290.0,3498244320.0
301,2011-04-08,18.16,18.98,19.35,18.12,88053910.0,1657700640.0
302,2011-04-15,18.85,20.96,21.59,18.23,203058540.0,4055710880.0
303,2011-04-22,20.8,19.01,21.23,18.6,198711518.0,3979634496.0
304,2011-04-29,19.1,17.47,19.19,16.85,100733509.0,1816141728.0
305,2011-05-06,17.47,18.38,18.49,16.92,95099016.0,1678986912.0
306,2011-05-13,18.19,17.62,18.49,17.05,98166888.0,1740455392.0
307,2011-05-20,17.62,17.65,18.1,16.8,83297131.0,1456387456.0
308,2011-05-27,17.5,17.8,18.34,16.89,119509413.0,2124037024.0
309,2011-06-03,17.7,16.48,17.72,15.5,107269357.0,1753578176.0
310,2011-06-10,16.4,16.63,17.4,16.32,67708981.0,1139743184.0
311,2011-06-17,16.44,16.1,17.74,16.1,72595048.0,1226609600.0
312,2011-06-24,16.07,16.78,17.29,15.57,69876440.0,1134022752.0
313,2011-07-01,16.81,17.26,17.66,16.71,96767890.0,1666940960.0
314,2011-07-08,17.29,19.97,20.2,17.29,182476876.0,3446584544.0
315,2011-07-15,20.01,21.5,21.68,19.43,139594774.0,2853945344.0
316,2011-07-22,21.5,19.96,21.65,19.68,107626048.0,2203643680.0
317,2011-07-29,19.77,19.18,19.93,18.79,81564322.0,1569123216.0
318,2011-08-05,19.02,19.54,20.91,19.0,90744659.0,1813634240.0
319,2011-08-12,19.18,19.59,20.05,17.72,95796990.0,1824141664.0
320,2011-08-19,19.75,19.01,20.14,18.55,59308365.0,1152271568.0
321,2011-08-26,18.95,19.27,19.71,18.55,54907545.0,1053830648.0
322,2011-09-02,19.05,18.67,19.88,18.58,60669630.0,1167214152.0
323,2011-09-09,18.4,18.48,19.54,18.25,63111573.0,1189070992.0
324,2011-09-16,18.1,18.02,18.46,16.88,59687331.0,1052604592.0
325,2011-09-23,17.75,17.19,18.35,16.96,57362368.0,1016443408.0
326,2011-09-30,17.26,16.08,17.96,16.0,58163554.0,1004062048.0
327,2011-10-14,16.3,16.43,16.69,15.28,53726276.0,873259992.0
328,2011-10-21,16.5,14.34,16.95,13.98,64596771.0,993336696.0
329,2011-10-28,14.39,15.4,15.53,14.15,55853779.0,834449376.0
330,2011-11-04,15.32,16.75,17.1,15.29,84738262.0,1389787248.0
331,2011-11-11,16.74,19.9,20.3,16.68,234814447.0,4484675824.0
332,2011-11-18,19.7,17.56,20.18,17.45,195684576.0,3713087232.0
333,2011-11-25,17.6,17.46,18.4,17.11,100061506.0,1777846224.0
334,2011-12-02,17.55,16.3,17.87,16.13,91069061.0,1570537200.0
335,2011-12-09,16.49,15.83,16.54,15.38,54281359.0,855596488.0
336,2011-12-16,15.8,14.2,15.96,13.3,70908743.0,1026530448.0
337,2011-12-23,13.9,11.93,14.51,11.39,124982353.0,1594434560.0
338,2011-12-30,11.79,10.9,11.79,10.67,133465162.0,1485682032.0
339,2012-01-06,11.04,10.11,11.1,9.45,97671368.0,990602048.0
340,2012-01-13,10.11,12.66,13.24,9.95,295081532.0,3510216064.0
341,2012-01-20,12.65,12.82,13.45,11.55,245807404.0,3119562368.0
342,2012-02-03,12.93,13.18,13.35,12.35,179586388.0,2309660480.0
343,2012-02-10,13.2,13.6,14.15,12.7,198455264.0,2659175616.0
344,2012-02-17,13.45,14.06,14.45,13.3,171896868.0,2396112160.0
345,2012-02-24,14.25,14.05,14.46,13.43,249917076.0,3491891584.0
346,2012-03-02,14.14,12.75,14.77,12.11,366363984.0,4813751712.0
347,2012-03-09,12.7,12.67,12.83,12.31,168000242.0,2116580320.0
348,2012-03-16,12.67,11.72,13.03,11.26,239557468.0,2953431424.0
349,2012-03-23,11.7,11.15,11.93,11.07,118253488.0,1365188864.0
350,2012-03-30,11.1,10.14,11.25,10.05,103557802.0,1100492848.0
351,2012-04-06,10.18,11.31,11.57,10.11,74432748.0,809255648.0
352,2012-04-13,11.16,12.37,12.5,10.86,220939194.0,2581786784.0
353,2012-04-20,12.0,11.68,12.12,11.42,155915078.0,1834455664.0
354,2012-04-27,11.65,11.12,11.66,10.73,110759869.0,1243830992.0
355,2012-05-04,11.33,11.82,12.08,11.05,87056286.0,1016908640.0
356,2012-05-11,11.75,11.42,12.1,11.33,110818660.0,1300703856.0
357,2012-05-18,11.55,10.95,11.59,10.93,62302661.0,697979200.0
358,2012-05-25,10.92,10.74,11.41,10.7,64250497.0,711599848.0
359,2012-06-01,10.66,11.33,11.88,10.37,102047968.0,1149497648.0
360,2012-06-08,11.01,10.68,11.11,10.6,59279282.0,641914976.0
361,2012-06-15,10.71,10.95,11.28,10.68,70812119.0,775643728.0
362,2012-06-21,11.01,11.12,11.3,10.91,51624555.0,571989144.0
363,2012-06-29,11.0,10.0,11.05,9.75,68686482.0,701613584.0
364,2012-07-06,10.11,9.92,10.18,9.5,56349384.0,557206392.0
365,2012-07-13,9.84,9.62,9.85,9.35,57401186.0,550314536.0
366,2012-07-20,9.4,9.29,9.51,8.55,112276303.0,1011259456.0
367,2012-07-27,9.18,8.58,9.18,8.55,58828999.0,519914500.0
368,2012-08-03,8.57,9.55,9.68,8.01,108068474.0,970412520.0
369,2012-08-10,9.45,9.76,9.89,9.3,169872452.0,1631688640.0
370,2012-08-17,9.67,9.39,9.79,9.19,87172419.0,826527472.0
371,2012-08-24,9.24,9.5,9.89,8.99,104690000.0,994771296.0
372,2012-08-31,8.8,8.8,9.1,8.3,90730693.0,795996976.0
373,2012-09-07,8.81,9.38,9.52,8.68,80358700.0,725794128.0
374,2012-09-14,9.35,9.25,9.75,9.21,97977717.0,931778344.0
375,2012-09-21,9.25,8.8,9.32,8.69,60874751.0,546057656.0
376,2012-09-28,8.68,8.91,8.97,8.41,51401789.0,448189792.0
377,2012-10-12,8.92,9.14,9.4,8.81,58147217.0,530021216.0
378,2012-10-19,9.49,8.99,9.68,8.85,57561930.0,529196136.0
379,2012-10-26,8.93,8.57,9.1,8.5,39688623.0,351649296.0
380,2012-11-02,8.52,9.09,9.17,8.52,57692448.0,510485772.0
381,2012-11-09,9.01,8.92,9.23,8.64,68899679.0,618432264.0
382,2012-11-16,8.89,8.46,9.27,8.37,38189651.0,334920108.0
383,2012-11-23,8.44,8.35,8.58,8.11,28012994.0,235198708.0
384,2012-11-30,8.33,7.7,8.36,7.57,31213933.0,246874004.0
385,2012-12-07,7.75,7.99,8.05,7.29,41263666.0,319364032.0
386,2012-12-14,8.16,8.42,8.43,7.98,62962652.0,516083820.0
387,2012-12-21,8.43,8.29,8.61,8.21,69402643.0,583647024.0
388,2012-12-28,8.29,8.64,8.74,8.22,71986636.0,613913896.0
389,2013-01-04,8.64,8.75,8.96,8.6,37187938.0,326924640.0
390,2013-01-11,8.8,8.63,9.06,8.59,92873492.0,821106328.0
391,2013-01-18,8.59,9.26,9.35,8.57,108700025.0,988972136.0
392,2013-01-25,9.35,8.99,9.44,8.82,115272564.0,1052729808.0
393,2013-02-01,8.98,9.64,10.17,8.95,211193020.0,2045233472.0
394,2013-02-08,9.66,9.49,9.77,9.35,80528082.0,767468440.0
395,2013-02-22,9.51,9.11,9.67,8.88,88108399.0,817526856.0
396,2013-03-01,9.05,9.2,9.25,8.8,78558731.0,710460152.0
397,2013-03-08,9.07,9.8,10.19,8.7,187177046.0,1798015888.0
398,2013-03-15,9.6,9.73,10.35,9.45,186719764.0,1835654528.0
399,2013-03-22,9.58,10.89,10.89,9.11,216405770.0,2196343168.0
400,2013-03-29,10.7,9.96,11.0,9.91,205113888.0,2156104240.0
401,2013-04-03,10.0,9.85,10.48,9.8,79997236.0,808950800.0
402,2013-04-12,9.65,10.03,10.36,9.38,102495518.0,1007718744.0
403,2013-04-19,10.04,10.42,10.61,9.59,136028984.0,1390179040.0
404,2013-04-26,10.31,9.92,10.74,9.81,128623878.0,1327519408.0
405,2013-05-03,10.9,10.91,10.91,10.5,74793248.0,811762944.0
406,2013-05-10,10.91,11.2,11.47,10.81,246962456.0,2749085504.0
407,2013-05-17,11.18,11.79,12.0,10.92,183928690.0,2106592608.0
408,2013-05-24,11.96,13.21,13.3,11.68,236097996.0,2965810624.0
409,2013-05-31,13.26,12.97,13.66,12.6,194034088.0,2560301120.0
410,2013-06-06,13.01,12.45,13.14,12.45,89135356.0,1140521376.0
411,2013-06-14,12.33,13.14,13.2,12.08,73765712.0,944882336.0
412,2013-06-21,13.15,11.99,14.29,11.74,209825320.0,2795783456.0
413,2013-06-28,12.12,11.0,12.48,10.31,197296582.0,2206074464.0
414,2013-07-05,10.85,12.03,12.35,10.8,173615528.0,2021152784.0
415,2013-07-12,11.87,12.11,12.6,11.01,153466554.0,1816877136.0
416,2013-07-19,12.21,11.29,12.57,11.24,152749740.0,1854763456.0
417,2013-07-26,11.3,10.11,11.89,10.07,100225690.0,1138270240.0
418,2013-08-02,10.11,10.54,10.75,9.81,141964904.0,1481592832.0
419,2013-08-09,10.48,10.36,11.08,10.22,128934566.0,1365922256.0
420,2013-08-16,10.48,10.13,10.87,10.12,116694300.0,1227152976.0
421,2013-08-23,10.1,10.08,10.32,9.87,77982711.0,791346488.0
422,2013-08-30,10.13,9.92,10.47,9.9,102376923.0,1040960224.0
423,2013-09-06,9.96,10.3,10.63,9.53,167588802.0,1717718176.0
424,2013-09-13,10.3,10.28,10.85,10.17,153508770.0,1612402880.0
425,2013-09-18,10.21,10.16,10.34,10.05,41937947.0,428052104.0
426,2013-09-27,10.19,10.1,10.59,9.93,109739528.0,1131453584.0
427,2013-09-30,10.19,10.3,10.52,10.15,19894240.0,206029120.0
428,2013-10-11,10.35,10.71,10.94,10.26,134150650.0,1430887360.0
429,2013-10-18,10.76,10.47,10.96,10.23,123377570.0,1308529376.0
430,2013-10-25,10.48,10.07,11.0,9.93,154973846.0,1640054656.0
431,2013-11-01,10.14,9.76,10.26,9.5,87449839.0,862656456.0
432,2013-11-08,9.79,8.96,9.85,8.93,69567358.0,659422808.0
433,2013-11-15,8.99,9.22,9.35,8.72,65183986.0,590182416.0
434,2013-11-22,9.25,9.61,9.68,9.19,98657532.0,926538000.0
435,2013-11-29,9.7,9.79,9.92,9.49,71924384.0,698890104.0
436,2013-12-06,9.6,9.64,9.7,9.25,69300984.0,659520872.0
437,2013-12-13,9.62,9.11,9.69,9.04,56945916.0,530959944.0
438,2013-12-20,9.13,9.03,9.48,8.91,63574220.0,586164536.0
439,2013-12-27,9.06,9.21,9.28,8.86,44060294.0,401474376.0
440,2014-01-03,9.29,9.15,9.66,9.08,56692424.0,531994984.0
441,2014-01-10,9.16,8.71,9.19,8.52,48522299.0,432187696.0
442,2014-01-17,8.66,8.67,9.03,8.6,44301622.0,389848536.0
443,2014-01-24,8.64,9.25,9.39,8.57,55906184.0,502759204.0
444,2014-01-30,9.19,9.37,9.56,9.1,59334331.0,556661216.0
445,2014-02-07,9.31,9.57,9.58,9.24,16545334.0,156900560.0
446,2014-02-14,9.61,10.97,11.47,9.61,262041448.0,2798162400.0
447,2014-02-21,11.11,10.97,11.83,10.75,201527518.0,2256440608.0
448,2014-02-28,10.85,11.18,11.25,10.03,198956984.0,2129793216.0
449,2014-03-07,11.44,11.23,11.89,11.03,253747836.0,2905997184.0
450,2014-03-14,11.05,10.97,11.32,10.34,172958928.0,1868686032.0
451,2014-03-21,10.97,10.96,11.54,10.52,150750130.0,1676892864.0
452,2014-03-28,11.0,10.57,11.37,10.52,108283551.0,1185908288.0
453,2014-04-04,10.68,10.71,11.1,10.44,61716841.0,663233136.0
454,2014-04-11,10.69,11.2,11.47,10.63,100228640.0,1114547232.0
455,2014-04-18,11.15,10.83,11.47,10.6,97154015.0,1071183216.0
456,2014-04-25,10.83,10.33,11.48,10.22,189079812.0,2084340832.0
457,2014-04-30,9.82,10.06,10.17,9.65,48930180.0,483313968.0
458,2014-05-09,10.07,9.97,10.29,9.82,54630194.0,550748448.0
459,2014-05-16,10.09,9.96,10.22,9.72,67622527.0,678708776.0
460,2014-05-23,9.91,10.04,10.24,9.8,48628497.0,485837364.0
461,2014-05-27,10.09,10.21,10.29,10.04,31203294.0,317776672.0
462,2014-08-15,9.33,9.33,9.33,9.33,1262016.0,11774609.0
463,2014-08-22,10.26,12.72,13.16,10.26,411017569.0,5145355158.0
464,2014-08-29,12.48,13.07,13.75,12.42,481975608.0,6280845824.0
465,2014-09-05,13.1,13.46,13.8,12.73,411857912.0,5444796224.0
466,2014-09-12,13.51,14.49,15.19,13.48,426045864.0,6200608576.0
467,2014-09-19,14.4,13.4,14.47,12.95,271039226.0,3693636672.0
468,2014-09-26,13.38,13.14,13.5,12.85,169626214.0,2233189888.0
469,2014-09-30,13.15,13.29,13.5,13.13,61957060.0,825954976.0
470,2014-10-10,13.37,13.5,13.94,13.31,133578720.0,1827689504.0
471,2014-10-17,13.4,13.35,13.88,12.98,187932628.0,2496095104.0
472,2014-10-24,13.45,12.52,13.49,12.51,150877670.0,1976424480.0
473,2014-10-31,12.48,12.97,13.23,12.42,143913304.0,1863099184.0
474,2014-11-07,12.97,13.0,13.57,12.85,181242442.0,2400024704.0
475,2014-11-14,13.01,12.29,13.24,12.1,131789944.0,1659070656.0
476,2014-11-21,12.33,12.37,12.67,12.11,99136168.0,1228408064.0
477,2014-11-28,12.45,13.32,13.5,12.45,256307860.0,3341469792.0
478,2014-12-05,13.32,13.35,14.3,12.92,354874220.0,4822891168.0
479,2014-12-12,13.35,14.15,14.24,12.98,319208632.0,4356496768.0
480,2014-12-19,14.51,13.37,15.13,13.05,308205364.0,4385404512.0
481,2014-12-26,13.29,12.95,13.29,12.26,149357158.0,1901799648.0
482,2015-01-09,13.88,12.98,14.21,12.96,156296904.0,2106957056.0
483,2015-01-16,12.88,13.26,13.55,12.63,132322360.0,1736519968.0
484,2015-01-23,12.86,13.2,13.66,12.1,205439746.0,2678454080.0
485,2015-01-30,13.25,13.07,13.75,13.05,203265240.0,2730217184.0
486,2015-02-06,12.96,12.9,13.5,12.5,145039712.0,1887668576.0
487,2015-02-13,12.85,13.15,13.28,12.65,111116390.0,1441320144.0
488,2015-02-17,13.28,14.91,15.3,13.2,218016456.0,3178346368.0
489,2015-02-27,15.0,15.16,15.8,14.84,238906112.0,3636173056.0
490,2015-03-06,15.32,15.12,15.9,14.8,360028224.0,5521461888.0
491,2015-03-13,15.05,15.88,16.66,14.8,274846156.0,4345204736.0
492,2015-03-20,15.93,16.61,17.16,15.84,318067956.0,5222269760.0
493,2015-03-27,16.66,16.49,16.85,15.9,306178828.0,5029736064.0
494,2015-04-03,16.83,18.18,18.37,16.45,376739448.0,6542796032.0
495,2015-04-10,18.3,18.78,19.29,17.52,293256712.0,5397852928.0
496,2015-04-17,19.1,18.61,19.29,17.76,318353676.0,5889384576.0
497,2015-04-24,18.49,21.09,21.68,17.8,441121440.0,8633423552.0
498,2015-04-30,21.18,22.38,22.88,19.58,339295520.0,7107398656.0
499,2015-05-08,22.38,19.77,22.98,19.11,349796472.0,7384859136.0
500,2015-05-15,20.05,19.27,21.29,19.12,335484580.0,6764608512.0
501,2015-05-22,19.2,20.86,21.1,19.0,309860188.0,6277521024.0
502,2015-05-29,20.87,20.22,23.9,19.58,515721224.0,11228456704.0
503,2015-06-05,20.01,22.5,22.98,19.99,425592064.0,9273638016.0
504,2015-06-12,22.43,23.9,24.32,21.33,498749112.0,11310725504.0
505,2015-06-19,24.11,19.51,24.94,19.51,371890376.0,8446566144.0
506,2015-06-26,19.75,16.83,20.21,16.83,233621600.0,4417815168.0
507,2015-07-03,17.01,11.89,17.2,11.89,422515064.0,6065510144.0
508,2015-07-06,12.99,10.7,12.99,10.7,102587232.0,1168468224.0
509,2015-08-21,11.75,13.67,14.57,11.75,203137103.0,2818333404.0
510,2015-08-28,12.9,11.25,12.99,9.28,478135524.0,5158389632.0
511,2015-09-02,11.25,9.8,11.8,9.03,310294696.0,3266165568.0
512,2015-09-11,9.95,11.09,11.47,9.8,395916516.0,4262820480.0
513,2015-09-18,11.16,10.2,11.16,8.98,337243380.0,3337171072.0
514,2015-09-25,9.96,10.88,11.48,9.9,398082196.0,4284219776.0
515,2015-09-30,10.99,10.59,11.16,10.42,159169200.0,1715408992.0
516,2015-10-09,11.04,11.28,11.47,10.91,145652440.0,1636344448.0
517,2015-10-16,11.49,13.36,13.45,11.46,584916832.0,7332719680.0
518,2015-10-23,13.78,15.61,15.61,12.69,842199304.0,11962482432.0
519,2015-10-30,16.3,16.0,17.53,15.04,947157216.0,15454711296.0
520,2015-11-06,15.14,16.63,17.27,14.69,676933128.0,10855278464.0
521,2015-11-13,16.47,18.32,18.96,15.92,856852640.0,15065292800.0
522,2015-11-20,17.71,17.71,19.3,17.2,511249344.0,9295653504.0
523,2015-11-27,17.7,18.18,20.2,17.39,569793496.0,10668334720.0
524,2015-12-04,18.41,18.37,20.49,17.69,673611656.0,12881811200.0
525,2015-12-11,18.63,16.91,18.7,16.71,336713188.0,5908863104.0
526,2015-12-18,17.0,17.98,18.64,16.95,331726960.0,5970749056.0
527,2015-12-25,19.0,18.76,19.48,17.9,431854196.0,8007994240.0
528,2015-12-31,18.83,17.96,18.9,17.83,274504076.0,5050702528.0
529,2016-01-08,17.96,14.5,17.96,13.34,272414468.0,4243166800.0
530,2016-01-15,13.96,12.28,14.2,12.08,315165232.0,4104753728.0
531,2016-01-22,11.79,12.71,13.55,11.72,302987408.0,3891049856.0
532,2016-01-29,12.9,11.85,12.96,10.4,322548822.0,3733707876.69
533,2016-02-05,11.79,11.98,12.5,11.42,293622920.0,3544564213.13
534,2016-02-19,11.45,12.94,13.6,11.4,324468807.0,4128545702.3100004
535,2016-02-26,13.22,12.18,13.47,11.88,319901402.0,4111045013.37
536,2016-03-04,11.98,11.98,12.99,10.84,342409924.0,4043627333.9800005
537,2016-03-11,12.1,11.57,12.68,11.39,238018991.0,2894576746.92
538,2016-03-18,11.8,12.97,13.2,11.75,339774922.0,4223537386.1000004
539,2016-03-25,13.18,13.08,13.5,12.82,326117402.0,4280230472.29
540,2016-04-01,13.26,13.4,14.08,12.98,438423048.0,5915381126.110001
541,2016-04-08,13.55,14.37,15.44,13.55,519390460.0,7626423877.35
542,2016-04-15,14.49,14.37,14.88,14.0,365488875.0,5305561808.67
543,2016-04-22,14.2,13.83,14.77,13.33,387607588.0,5449781516.83
544,2016-04-29,13.75,13.68,14.26,13.35,266301287.0,3674752229.5299997
545,2016-05-06,13.6,13.17,14.17,13.17,241052236.0,3335632019.84
546,2016-05-13,13.0,12.28,13.07,11.6,180894808.0,2235369691.28
547,2016-05-20,12.25,12.26,12.85,11.85,184744439.0,2281250517.11
548,2016-05-27,12.31,12.41,12.91,11.97,190292376.0,2370484456.47
549,2016-06-03,12.3,13.2,13.59,12.11,279064842.0,3630923134.7599998
550,2016-06-08,13.25,13.58,13.62,13.02,159040725.0,2120525360.7
551,2016-06-17,13.33,13.64,13.92,12.22,357161370.0,4738607765.440001
552,2016-06-24,13.86,13.26,14.25,12.81,379925811.0,5227685944.549999
553,2016-07-01,13.25,13.51,13.88,13.25,234316624.0,3188376539.5600004
554,2016-07-08,13.36,13.96,14.5,13.21,344831652.0,4813326905.12
555,2016-07-15,14.16,14.09,14.43,13.8,269538376.0,3820528897.0299997
556,2016-07-22,14.03,10.89,14.86,10.53,452878438.0,5664675475.54
557,2016-07-29,10.93,10.14,11.88,10.0,680111875.0,7482650535.6
558,2016-08-05,10.12,10.34,10.53,9.83,299548981.0,3059125099.58
559,2016-08-12,10.26,10.68,10.95,10.05,441286576.0,4680009583.719999
560,2016-08-19,10.7,12.11,12.11,10.58,756468648.0,8614063555.6
561,2016-08-26,12.1,11.2,12.47,11.13,816973648.0,9703888007.0
562,2016-09-02,11.18,11.2,11.45,11.05,358629429.0,4031044015.88
563,2016-09-09,11.25,11.2,11.62,11.1,355284107.0,4027291768.26
564,2016-09-14,11.05,10.9,11.45,10.55,294782072.0,3235571262.7700005
565,2016-09-23,10.93,10.82,11.25,10.76,269264687.0,2966777951.37
566,2016-09-30,10.8,10.38,10.8,10.31,164489536.0,1723162994.6100001
567,2016-10-14,10.46,10.69,10.89,10.46,179242739.0,1917174954.31
568,2016-10-21,10.71,10.41,10.76,10.3,169766763.0,1795415236.06
569,2016-10-28,10.41,10.47,10.71,10.36,175359907.0,1851650083.06
570,2016-11-04,10.43,10.22,10.46,10.11,168869885.0,1737781590.78
571,2016-11-11,10.24,10.46,10.47,10.01,170417674.0,1746131424.4699998
572,2016-11-18,10.4,10.66,10.98,10.36,285127797.0,3023872818.07
573,2016-11-25,10.66,10.34,10.78,10.12,190460642.0,1997871061.3700001
574,2016-12-02,10.38,10.2,10.45,10.18,148747423.0,1532809015.3400002
575,2016-12-09,10.29,10.63,10.98,10.21,402855882.0,4310936057.440001
576,2016-12-16,10.63,10.16,10.64,10.01,194728919.0,1981757308.25
577,2016-12-23,10.38,10.57,10.9,10.19,257181434.0,2709089983.25
578,2016-12-30,10.51,10.36,10.88,10.36,249667012.0,2659627365.3
579,2017-01-06,10.39,10.51,10.69,10.37,143321489.0,1511573097.17
580,2017-01-13,10.45,10.07,10.74,10.01,193921416.0,2019656442.12
581,2017-01-20,10.07,9.42,10.13,9.11,137058058.0,1314430544.58
582,2017-01-26,9.46,9.51,9.59,9.41,55737987.0,529503453.76
583,2017-02-03,9.52,9.52,9.55,9.49,11222777.0,106896437.51
584,2017-02-10,9.52,9.7,9.83,9.49,99812729.0,964669804.9000001
585,2017-02-17,9.72,9.66,10.22,9.65,152982351.0,1504271563.57
586,2017-02-24,9.67,9.87,10.06,9.66,128742574.0,1269138308.22
587,2017-03-03,9.9,9.98,10.05,9.7,142131294.0,1402043470.96
588,2017-03-10,9.92,9.71,10.03,9.68,122328642.0,1204001494.46
589,2017-03-17,9.66,9.56,9.78,9.54,109175176.0,1056067385.9599999
590,2017-03-24,9.59,9.47,9.67,9.36,96362685.0,917860299.29
591,2017-03-31,9.43,9.17,9.65,9.13,112024041.0,1052630280.3000001
592,2017-04-07,9.19,9.33,9.45,9.17,54931041.0,512221190.83
593,2017-04-14,9.29,9.36,9.83,9.24,223406953.0,2135106400.16
594,2017-04-21,9.32,9.02,9.45,8.98,101427436.0,931588824.76
595,2017-04-28,9.01,8.39,9.01,8.14,107110682.0,911707950.3100002
596,2017-05-05,8.4,8.26,8.67,8.26,78981354.0,672020001.5
597,2017-05-12,8.26,7.69,8.32,7.55,103660899.0,818999560.13
598,2017-05-19,7.7,7.78,7.94,7.63,66556227.0,518806581.0
599,2017-05-26,7.77,7.32,7.78,7.11,86730358.0,637897904.01
600,2017-06-02,7.4,7.33,7.48,7.16,38591621.0,283105678.08
601,2017-06-09,7.35,7.59,7.74,7.33,74179904.0,557820628.6700001
602,2017-06-16,7.57,7.8,8.06,7.39,151297603.0,1176476700.99
603,2017-06-23,7.8,7.85,8.03,7.69,121023695.0,952796731.2199999
604,2017-06-30,7.85,8.09,8.25,7.79,189140638.0,1525663932.31
605,2017-07-07,8.1,8.49,8.65,7.96,259919460.0,2150644758.02
606,2017-07-14,8.43,8.08,8.69,8.01,167580542.0,1387941352.24
607,2017-07-21,8.06,8.37,8.54,7.47,228724768.0,1849035932.9099998
608,2017-07-28,8.37,9.25,9.25,8.25,360763817.0,3131700166.0299997
609,2017-08-04,9.29,8.72,9.68,8.7,541384201.0,5015108349.34
610,2017-08-11,8.7,8.39,9.06,8.34,195715522.0,1714067625.86
611,2017-08-18,8.4,8.45,8.79,8.37,143721795.0,1226281240.4099998
612,2017-08-25,8.45,8.58,8.87,8.4,140419409.0,1207084211.58
613,2017-09-01,8.58,8.59,8.84,8.5,152198665.0,1315531680.58
614,2017-09-08,8.54,9.21,9.27,8.53,316079159.0,2832529563.5200005
615,2017-09-15,9.22,9.46,9.98,9.16,520785064.0,4970908824.61
616,2017-09-22,9.44,9.12,9.8,9.04,291809307.0,2765368839.53
617,2017-09-29,9.13,8.99,9.2,8.83,156256950.0,1409633669.12
618,2017-10-13,9.12,8.91,9.28,8.79,147676605.0,1338947212.9
619,2017-10-20,8.95,8.43,9.0,8.25,104240812.0,895322133.8100001
620,2017-10-27,8.44,8.43,8.65,8.37,77032438.0,654931635.0799999
621,2017-11-03,8.42,7.77,8.42,7.66,98543587.0,791123168.61
622,2017-11-10,7.77,8.05,8.11,7.73,78532091.0,624933657.08
623,2017-11-17,8.06,7.48,8.11,7.4,91712041.0,713811798.78
624,2017-11-24,7.52,7.62,7.7,7.37,70787626.0,536979229.22
625,2017-12-01,7.55,7.58,7.73,7.45,60861348.0,463053958.36
626,2017-12-08,7.61,7.32,7.61,7.18,90654928.0,667491263.05
627,2017-12-15,7.36,7.29,7.52,7.25,63674684.0,468789779.72999996
628,2017-12-22,7.3,7.23,7.31,7.03,61873288.0,445793110.87
629,2017-12-29,7.24,7.23,7.33,7.09,70779231.0,509949919.13
630,2018-01-05,7.27,7.55,7.7,7.23,115345061.0,865483478.34
631,2018-01-12,7.55,7.06,7.63,6.9,139070883.0,1008589999.99
632,2018-01-19,7.06,6.78,7.06,6.66,109330299.0,743116450.02
633,2018-01-26,6.75,6.78,6.93,6.72,80384280.0,547064625.66
634,2018-02-02,6.73,5.98,6.78,5.7,112641464.0,706687712.91
635,2018-02-09,5.85,5.63,6.05,5.3,109369184.0,617400057.1600001
636,2018-02-14,5.61,5.65,5.78,5.51,41435343.0,234441409.51
637,2018-02-23,5.71,5.79,5.83,5.68,28739670.0,165443526.81
638,2018-03-02,5.82,6.0,6.16,5.77,94521021.0,566645705.68
639,2018-03-09,6.0,6.26,6.3,5.93,86016041.0,524903128.82000005
640,2018-03-16,6.32,6.37,6.61,6.15,159681676.0,1020312561.79
641,2018-03-23,6.37,5.83,6.59,5.7,124288436.0,782582205.11
642,2018-03-30,5.75,6.07,6.1,5.6,77563784.0,462187628.84
643,2018-04-04,6.0,6.26,6.32,5.9,81840383.0,502321553.52
644,2018-04-13,6.26,6.13,6.35,6.11,102381276.0,639674423.9300001
645,2018-04-20,6.28,6.0,6.5,5.92,98734652.0,610582702.74
646,2018-04-27,6.04,5.82,6.07,5.81,49333833.0,293098257.91
647,2018-05-04,5.86,5.86,5.92,5.7,29600441.0,172193773.11
648,2018-05-11,5.86,6.11,6.22,5.85,64040826.0,387892368.5
649,2018-05-18,6.1,6.24,6.34,6.01,90192987.0,555077538.36
650,2018-05-25,6.26,6.0,6.32,5.98,65530687.0,403790317.51
651,2018-06-01,6.01,5.67,6.03,5.63,50484932.0,292941652.58
652,2018-06-08,5.71,5.62,5.86,5.59,34859623.0,200005374.07
653,2018-06-15,5.64,5.4,5.69,5.35,39826946.0,221809071.48999998
654,2018-06-22,5.34,4.84,5.34,4.69,67996089.0,335143717.37
655,2018-06-29,4.9,4.9,4.94,4.73,48455185.0,234706399.50000003
656,2018-07-06,4.9,4.72,4.92,4.5,52725485.0,252882662.60000002
657,2018-07-13,4.72,4.93,4.94,4.72,53830181.0,261531352.91
658,2018-07-20,4.93,5.04,5.3,4.86,84286939.0,427897392.11
659,2018-07-27,5.03,5.06,5.2,5.0,59047609.0,302257333.39
660,2018-08-03,5.07,4.69,5.1,4.65,43509770.0,213080762.67999998
661,2018-08-10,4.68,4.83,4.85,4.58,39986445.0,189073411.39000002
662,2018-08-17,4.8,4.57,4.89,4.57,31818577.0,150867833.79
663,2018-08-24,4.58,4.62,4.7,4.56,26062848.0,120892896.37
664,2018-08-31,4.63,4.62,4.73,4.61,30550795.0,142765307.24
665,2018-09-07,4.64,4.58,4.66,4.53,36839180.0,169450330.97
666,2018-09-14,4.59,4.6,4.62,4.47,35273703.0,160461544.75
667,2018-09-21,4.59,4.71,4.8,4.46,49425810.0,228589195.94
668,2018-09-28,4.68,4.64,4.77,4.58,44957254.0,210065258.98999998
669,2018-10-12,4.59,3.93,4.59,3.73,67782113.0,283972317.14
670,2018-10-19,3.96,3.75,4.01,3.51,77422610.0,286812165.73
671,2018-10-26,3.77,4.04,4.17,3.77,66099051.0,261923239.66
672,2018-11-02,4.04,4.14,4.15,3.91,57039131.0,231088966.36
673,2018-11-09,4.15,4.29,4.48,4.11,117884319.0,509132272.46000004
674,2018-11-16,4.29,5.52,5.52,4.26,268438665.0,1347627161.3500001
675,2018-11-23,5.67,4.79,5.67,4.74,296968712.0,1547002668.1
676,2018-11-30,4.84,4.77,4.97,4.58,109421781.0,528993819.20000005
677,2018-12-07,4.93,4.78,5.05,4.75,109020105.0,535224441.59000003
678,2018-12-14,4.78,4.6,4.86,4.58,53019822.0,250717192.56000003
679,2018-12-21,4.61,4.51,4.69,4.48,56176340.0,258262649.36
680,2018-12-28,4.51,4.31,4.58,4.23,56429542.0,248681969.41000003
681,2019-01-04,4.35,4.37,4.41,4.18,34303201.0,147741008.93
682,2019-01-11,4.43,4.47,4.57,4.4,74577050.0,334901944.87
683,2019-01-18,4.5,4.43,4.56,4.33,76226445.0,339897946.84999996
684,2019-01-25,4.45,4.28,4.47,4.25,64870452.0,281825920.55
685,2019-02-01,4.3,4.24,4.35,4.02,63988696.0,267898813.35
686,2019-02-15,4.28,4.62,4.81,4.26,106321731.0,482255096.28
687,2019-02-22,4.64,4.95,5.08,4.64,155518424.0,754290111.6899999
688,2019-03-01,5.06,5.28,5.4,5.02,242702149.0,1267096706.44
689,2019-03-08,5.45,6.08,6.68,5.31,518353442.0,3168382154.83
690,2019-03-15,6.2,6.33,7.04,6.12,443493691.0,2894960252.75
691,2019-03-22,6.6,7.56,7.67,6.33,505047043.0,3563490105.1
692,2019-03-29,7.37,6.71,7.61,6.32,352777437.0,2442012102.79
693,2019-04-04,6.77,7.19,7.36,6.72,276051248.0,1930495576.78
694,2019-04-12,7.21,6.56,7.34,6.47,222952928.0,1526729294.2600002
695,2019-04-19,6.71,7.07,7.28,6.42,227500469.0,1545453002.19
696,2019-04-26,7.2,6.18,7.24,6.13,222743853.0,1485405353.5700002
697,2019-04-30,6.21,6.18,6.33,5.74,81366911.0,491485305.43
698,2019-05-10,6.0,5.73,6.26,5.29,171004188.0,996919178.26
699,2019-05-17,5.68,5.61,5.95,5.58,110312466.0,636846451.51
700,2019-05-24,5.65,5.66,6.0,5.44,137790561.0,792124693.38
701,2019-05-31,5.68,5.79,5.95,5.6,108246474.0,631930129.14
702,2019-06-06,5.8,5.36,5.86,5.35,58537275.0,327519283.69
703,2019-06-14,5.37,5.62,5.82,5.37,91116702.0,516207845.17
704,2019-06-21,5.6,5.85,5.89,5.48,75775848.0,432782696.02
705,2019-06-28,5.89,5.71,6.06,5.66,103690666.0,606814578.3
706,2019-07-05,5.91,5.76,5.91,5.68,63207418.0,367884962.36
707,2019-07-12,5.76,5.46,5.76,5.42,47705230.0,263454567.3
708,2019-07-19,5.55,5.57,5.63,5.4,44147718.0,245172486.24
709,2019-07-26,4.65,4.7,4.82,4.48,79138700.0,368341005.85
710,2019-08-02,4.68,4.67,4.89,4.6,112438325.0,530714438.16999996
711,2019-08-09,4.65,4.22,4.7,4.21,78898929.0,344390242.57
712,2019-08-16,4.22,4.31,4.44,4.17,73964731.0,316789480.25
713,2019-08-23,4.5,4.77,4.91,4.5,242956915.0,1154190097.57
714,2019-08-30,4.8,4.6,5.16,4.57,250753376.0,1221540905.55
715,2019-09-06,4.62,4.89,4.96,4.62,148923900.0,719165176.3599999
716,2019-09-12,4.95,4.92,4.97,4.86,98141340.0,481944909.38
717,2019-09-20,4.92,4.72,4.93,4.66,97724070.0,464301679.6
718,2019-09-27,4.7,4.5,4.71,4.4,87475221.0,397537868.3000001
719,2019-09-30,4.51,4.41,4.52,4.41,12118074.0,53924420.6
720,2019-10-11,4.54,4.65,4.68,4.5,69655963.0,320581855.51
721,2019-10-18,4.71,4.65,4.85,4.63,95318918.0,453059635.07000005
722,2019-10-25,4.63,4.8,4.8,4.56,80747924.0,378722272.41999996
723,2019-11-01,4.84,4.62,4.86,4.52,88443216.0,415541049.28
724,2019-11-08,4.62,4.8,4.82,4.58,93800740.0,441421916.33
725,2019-11-15,4.77,4.45,4.77,4.45,81580740.0,372000757.9
726,2019-11-22,4.48,4.48,4.57,4.41,53765706.0,242300365.26
727,2019-11-29,4.49,4.47,4.52,4.42,43338361.0,193824821.18
728,2019-12-06,4.47,4.58,4.61,4.44,49338163.0,222436576.53
729,2019-12-13,4.56,4.66,4.69,4.49,106697169.0,492221548.95
730,2019-12-20,4.68,4.8,4.89,4.66,140029995.0,669755523.6000001
731,2019-12-27,4.78,6.36,6.44,4.65,760541912.0,4400057239.08
732,2020-01-03,6.3,6.4,6.79,6.06,857740720.0,5494530691.12
733,2020-01-10,6.65,6.93,7.65,6.51,925502739.0,6575909005.9
734,2020-01-17,6.95,6.42,7.58,6.3,584630329.0,3950479331.3399997
735,2020-01-23,6.36,6.48,6.82,6.19,433221640.0,2818238904.9500003
736,2020-02-07,5.83,6.59,6.91,5.83,593340713.0,3813005006.89
737,2020-02-14,6.53,6.91,7.62,6.48,700812746.0,4990348812.72
738,2020-02-21,6.97,8.19,8.62,6.92,1294399427.0,10336606628.69
739,2020-02-28,8.15,7.41,9.2,7.41,1007828954.0,8447993163.78
740,2020-03-06,7.4,8.01,8.16,7.37,483084475.0,3781049579.15
741,2020-03-13,8.0,6.88,8.18,6.39,566451847.0,4180728775.8700004
742,2020-03-20,6.98,6.41,6.99,6.07,393000987.0,2525783807.08
743,2020-03-27,6.2,6.07,6.53,5.77,556198124.0,3454198138.54
744,2020-04-03,6.0,6.36,6.48,5.83,330477946.0,2017507191.45
745,2020-04-10,6.46,6.18,6.54,6.13,255510033.0,1632766426.2199998
746,2020-04-17,6.13,6.43,6.66,5.98,302133360.0,1915895523.4099998
747,2020-04-24,6.49,6.17,6.58,6.14,245537109.0,1553149228.54
748,2020-04-30,6.39,6.56,6.79,6.21,358447519.0,2325031673.8100004
749,2020-05-08,6.45,7.43,7.68,6.41,374714403.0,2638500517.4700003
750,2020-05-15,7.46,7.24,7.52,7.1,384380355.0,2798319469.25
751,2020-05-22,7.24,6.55,7.44,6.48,384730754.0,2688094117.6699996
752,2020-05-29,6.53,6.9,7.05,6.45,227061864.0,1537661941.38
753,2020-06-05,6.93,7.25,7.61,6.85,448470722.0,3252152778.81
754,2020-06-12,7.32,7.19,7.71,7.15,375162514.0,2762844412.3600006
755,2020-06-19,7.25,7.77,7.84,7.12,356827302.0,2650054863.6400003
756,2020-06-24,7.86,7.88,8.17,7.76,246238057.0,1949190612.01
757,2020-07-03,7.9,8.56,8.72,7.88,437526498.0,3683421315.6
758,2020-07-10,8.75,10.36,10.36,8.63,723423934.0,6931164531.29
759,2020-07-17,10.58,9.55,11.18,9.3,1049294997.0,10894253244.72
760,2020-07-24,9.83,9.6,10.62,9.6,713282976.0,7232315196.59
761,2020-07-31,9.75,8.37,9.78,7.97,761781817.0,6462463161.370001
762,2020-08-07,8.47,8.22,8.76,7.96,503273554.0,4256885194.95
763,2020-08-14,8.15,8.01,8.32,7.71,347280897.0,2790719961.6399994
764,2020-08-21,8.03,7.9,8.38,7.86,319088178.0,2586754307.5299997
765,2020-08-28,7.9,7.74,8.09,7.53,264774868.0,2066690710.17
766,2020-09-04,7.77,7.29,7.9,7.15,275147353.0,2077659307.46
767,2020-09-11,7.29,6.93,7.39,6.7,221408155.0,1561747758.31
768,2020-09-18,7.02,7.57,7.57,7.0,243956494.0,1779066182.09
769,2020-09-25,7.78,6.82,7.84,6.78,245813030.0,1786603071.83
770,2020-09-30,6.85,7.0,7.04,6.7,83313898.0,576429598.1899999
771,2020-10-09,7.12,7.57,7.65,7.11,83779439.0,623912054.75
772,2020-10-16,7.74,7.79,8.03,7.63,363392460.0,2857116200.2200003
773,2020-10-23,7.88,7.7,7.96,7.47,188413906.0,1451242762.59
774,2020-10-30,7.74,7.56,7.94,7.46,224398099.0,1730315686.47
775,2020-11-06,7.56,8.08,8.35,7.5,343426604.0,2745795906.17
