[
  {
    "Id": "846879",
    "ThreadId": "358966",
    "Html": "\r\n<p>Could anyone tell me if MACD Histogram is working for WIPRO on NSE?</p>\r\n<p>The values are always zero for me. Not just for Wipro its the same for all other symbols.</p>\r\n<p>Let me know if anyone could figure out a solution on this or there is a bug in this MACD Histogram??</p>\r\n<p>Thanks,</p>\r\n<p>Reuben.</p>\r\n",
    "PostedDate": "2012-06-09T03:37:04.807-07:00",
    "UserRole": null,
    "MarkedAsAnswerDate": null
  }
]