[
  {
    "Id": "853998",
    "ThreadId": "361029",
    "Html": "\r\n<p>The for loop on line 26 of RSI.cs should read like this</p>\r\n<p>&nbsp;</p>\r\n<p>&nbsp;</p>\r\n<div style=\"color:black; background-color:white\">\r\n<pre><span style=\"color:blue\">for</span> (<span style=\"color:blue\">int</span> i = 0; i &lt;= period; i&#43;&#43;)\n{\n\t<span style=\"color:blue\">if</span> (i == 0)\n\t{\n\t\t<span style=\"color:blue\">continue</span>;\n\t}\n\t<span style=\"color:blue\">double</span> gain = 0;\n\t<span style=\"color:blue\">double</span> loss = 0;\n\n\tCalculateGainLoss(inputList[i], inputList[i - 1], <span style=\"color:blue\">out</span> gain, <span style=\"color:blue\">out</span> loss);\n\n\tstartGain &#43;= gain;\n\tstartLoss &#43;= loss;\n}\n</pre>\r\n</div>\r\n<p>&nbsp;</p>\r\n<p>We need period &#43; 1 to get period GainLoss's.</p>\r\n",
    "PostedDate": "2012-06-26T12:15:23.733-07:00",
    "UserRole": null,
    "MarkedAsAnswerDate": null
  }
]