{
  "WorkItem": {
    "AffectedComponent": {
      "Name": "",
      "DisplayName": ""
    },
    "ClosedComment": "",
    "ClosedDate": "2011-10-31T09:14:03.467-07:00",
    "CommentCount": 0,
    "Custom": null,
    "Description": "Add MFI indicator and associated unit tests",
    "LastUpdatedDate": "2013-05-15T22:00:44.62-07:00",
    "PlannedForRelease": "",
    "ReleaseVisibleToPublic": false,
    "Priority": {
      "Name": "Medium",
      "Severity": 100,
      "Id": 2
    },
    "ProjectName": "TechnicalAnalysis",
    "ReportedDate": "2011-10-31T09:12:58.63-07:00",
    "Status": {
      "Name": "Closed",
      "Id": 4
    },
    "ReasonClosed": {
      "Name": "Unassigned"
    },
    "Summary": "Add MFI indicator",
    "Type": {
      "Name": "Task",
      "Id": 2
    },
    "VoteCount": 0,
    "Id": 667
  },
  "FileAttachments": [],
  "Comments": [
    {
      "Message": "Resolved with changeset 6210.",
      "PostedDate": "2011-10-31T09:14:03.467-07:00",
      "Id": -2147483648
    },
    {
      "Message": "",
      "PostedDate": "2013-02-13T17:10:06.6-08:00",
      "Id": -2147483648
    },
    {
      "Message": "",
      "PostedDate": "2013-05-15T22:00:44.62-07:00",
      "Id": -2147483648
    }
  ]
}