[
  {
    "Id": "0",
    "Name": "Technical Analysis Engine 1.25",
    "DevelopmentStatus": "Stable",
    "Description": "What's new in the 1.25 release (2011-11-01):\n\n- Added Williams %R indicator\n- Added Moving Average Envelopes indicator",
    "ReleasedDatge": "0001-01-01T00:00:00",
    "ModifiedDate": "2011-11-01T06:09:44.353-07:00",
    "Files": [
      {
        "Id": "af516629-0162-413c-9075-dd8b36b4084d",
        "FileName": "TechnicalAnalysisEngine bin v1.25.zip",
        "Url": "./0/af516629-0162-413c-9075-dd8b36b4084d",
        "Type": "Application",
        "UploadDate": "2011-11-01T06:09:41.883-07:00"
      },
      {
        "Id": "83976f25-6f6f-4a50-a7ab-7cb774051a70",
        "FileName": "TechnicalAnalysisEngine src 1.25.zip",
        "Url": "./0/83976f25-6f6f-4a50-a7ab-7cb774051a70",
        "Type": "Source Code",
        "UploadDate": "2011-11-01T04:59:39.47-07:00"
      }
    ]
  }
]